Time,ID,county_id,county_name,outage_data_available,PREC_ACC_NC_cellmax_dmax,PREC_ACC_NC_cellmax_dmean,PREC_ACC_NC_cellmax_dsum,PREC_ACC_NC_cellmean_dmax,PREC_ACC_NC_cellmean_dmean,PREC_ACC_NC_cellmean_dsum,WSPD10_cellmax_dmax,WSPD10_cellmax_dmean,WSPD10_cellmean_dmax,WSPD10_cellmean_dmean,T2_cellmax_dmax,T2_cellmax_dmean,T2_cellmean_dmax,T2_cellmean_dmean,SMOIS_TOP_cellmax_dmax,SMOIS_TOP_cellmax_dmean,SMOIS_TOP_cellmean_dmax,SMOIS_TOP_cellmean_dmean,MLCAPE_cellmax_dmax,MLCAPE_cellmax_dmean,MLCAPE_cellmean_dmax,MLCAPE_cellmean_dmean,GRAUPEL_ACC_NC_cellmax_dmax,GRAUPEL_ACC_NC_cellmax_dmean,GRAUPEL_ACC_NC_cellmax_dsum,GRAUPEL_ACC_NC_cellmean_dmax,GRAUPEL_ACC_NC_cellmean_dmean,GRAUPEL_ACC_NC_cellmean_dsum,PBLH_cellmax_dmax,PBLH_cellmax_dmean,PBLH_cellmean_dmax,PBLH_cellmean_dmean,PWAT_cellmax_dmax,PWAT_cellmax_dmean,PWAT_cellmean_dmax,PWAT_cellmean_dmean,TD2_cellmax_dmax,TD2_cellmax_dmean,TD2_cellmean_dmax,TD2_cellmean_dmean,CANWAT_cellmax_dmax,CANWAT_cellmax_dmean,CANWAT_cellmean_dmax,CANWAT_cellmean_dmean,T2_areawtd_dmax,T2_areawtd_dmean,SMOIS_TOP_areawtd_dmax,SMOIS_TOP_areawtd_dmean,CANWAT_areawtd_dmax,CANWAT_areawtd_dmean,TD2_areawtd_dmax,TD2_areawtd_dmean,PWAT_areawtd_dmax,PWAT_areawtd_dmean,weather_hours,duration_raw_hours,SHDMAX,SHDMIN,HGT,IVGTYP_1_frac,IVGTYP_2_frac,IVGTYP_5_frac,IVGTYP_8_frac,IVGTYP_9_frac,IVGTYP_10_frac,IVGTYP_12_frac,IVGTYP_13_frac,IVGTYP_14_frac,IVGTYP_17_frac,IVGTYP_dominant,IVGTYP_n_classes,IVGTYP_7_frac,IVGTYP_11_frac,IVGTYP_6_frac,IVGTYP_4_frac,IVGTYP_16_frac,ISLTYP_2_frac,ISLTYP_13_frac,ISLTYP_14_frac,ISLTYP_dominant,ISLTYP_n_classes,ISLTYP_3_frac,ISLTYP_8_frac,ISLTYP_12_frac,ISLTYP_4_frac,ISLTYP_6_frac,ISLTYP_16_frac,SHD_range,county_km2,extreme_weather,duration_hours,duration
9/30/2024,county_1,12001,Alachua,1,47.716564,10.59046936,211.80939,3.464443006,0.676055933,13.52111866,6.242348,3.24848175,3.324224372,1.649494906,305.94626,302.1499023,303.9280171,300.1299522,1.0000037,1.000003719,0.273392351,0.258850163,2244.4497,1381.959082,1585.987459,863.3998021,0.0,0.0,0.0,0.0,0.0,0.0,1491.9115,758.6077637,1092.057463,415.6507756,0.07468145,0.066124409,0.062117012,0.059169793,300.47174,298.5237549,297.7219881,297.0964253,0.5394128,0.311362243,0.145218648,0.0488571,303.9231701,300.1291364,0.274551805,0.260478801,0.144012334,0.04810574,297.6897128,297.0798624,0.062032068,0.059121561,20,0.0,68.09926405,51.60462262,33.23300881,0.019736842,0.276315789,0.065789474,0.085526316,0.032894737,0.111842105,0.013157895,0.052631579,0.322368421,0.019736842,14,10,0.0,0.0,0.0,0.0,0.0,0.960526316,0.019736842,0.019736842,2,3,0.0,0.0,0.0,0.0,0.0,0.0,16.49464143,2509.363753,1,0.0,0
9/29/2024,county_1,12001,Alachua,1,10.582386,1.190840721,28.580177,0.603611143,0.046433242,1.114397808,5.0219073,2.765128771,3.338805349,1.50192822,304.9764,301.7396647,303.303531,299.9589276,1.0000037,1.000003656,0.259804123,0.254041115,1354.1293,813.2709961,711.6324527,303.6262787,0.0,0.0,0.0,0.0,0.0,0.0,1462.742,755.3618978,1218.569079,458.0110903,0.06877694,0.059702555,0.059139678,0.052614137,298.84396,297.552592,296.6008686,296.2002928,0.48911363,0.133953402,0.117161826,0.021215915,303.2996981,299.9583002,0.261996685,0.255853632,0.115027248,0.021312367,296.5933596,296.2005641,0.059087669,0.052573943,24,0.0,68.09926405,51.60462262,33.23300881,0.019736842,0.276315789,0.065789474,0.085526316,0.032894737,0.111842105,0.013157895,0.052631579,0.322368421,0.019736842,14,10,0.0,0.0,0.0,0.0,0.0,0.960526316,0.019736842,0.019736842,2,3,0.0,0.0,0.0,0.0,0.0,0.0,16.49464143,2509.363753,0,0.0,0
9/28/2024,county_1,12001,Alachua,1,2.7895474,0.381766558,9.162397,0.525890401,0.041471458,0.995314989,5.3308816,3.74303023,3.997638903,2.216432358,305.07916,301.4573568,303.3547235,299.5423423,1.0000037,1.000003656,0.268987154,0.263057197,577.69446,267.3876139,328.1518555,110.1223121,0.0,0.0,0.0,0.0,0.0,0.0,1423.3022,780.7810872,1181.206517,508.8437337,0.05464106,0.047961925,0.048772018,0.042890791,298.05933,297.1005656,296.5679739,295.8264128,0.5133189,0.164153904,0.188962723,0.029487194,303.348756,299.5374259,0.270646243,0.264730823,0.186895163,0.029519906,296.5552292,295.8248864,0.048765538,0.042877445,24,0.0,68.09926405,51.60462262,33.23300881,0.019736842,0.276315789,0.065789474,0.085526316,0.032894737,0.111842105,0.013157895,0.052631579,0.322368421,0.019736842,14,10,0.0,0.0,0.0,0.0,0.0,0.960526316,0.019736842,0.019736842,2,3,0.0,0.0,0.0,0.0,0.0,0.0,16.49464143,2509.363753,1,0.0,0
9/27/2024,county_1,12001,Alachua,1,36.478252,4.834537824,116.02891,10.80799946,1.382077217,33.16985321,25.813461,9.70563062,15.49541594,6.560664277,304.48688,301.6867879,302.4702405,299.9860615,1.0000037,1.000003656,0.34711647,0.292847971,1280.8575,402.318807,891.074116,234.6764232,0.0,0.0,0.0,0.0,0.0,0.0,2721.4668,1567.658529,2291.55037,1244.203665,0.07963116,0.046288639,0.074420051,0.041050598,299.12567,296.8112793,298.2335269,295.6196493,0.54117733,0.200106978,0.241943987,0.057505756,302.4727721,299.987781,0.348647671,0.294440274,0.24155015,0.057151314,298.2336909,295.6195332,0.074392869,0.041042905,24,0.0,68.09926405,51.60462262,33.23300881,0.019736842,0.276315789,0.065789474,0.085526316,0.032894737,0.111842105,0.013157895,0.052631579,0.322368421,0.019736842,14,10,0.0,0.0,0.0,0.0,0.0,0.960526316,0.019736842,0.019736842,2,3,0.0,0.0,0.0,0.0,0.0,0.0,16.49464143,2509.363753,1,0.0,0
9/25/2024,county_1,12001,Alachua,1,24.19954,1.986924171,47.68618,1.558522275,0.154650818,3.711619629,8.809825,4.647829056,4.105062384,2.668301871,306.7097,301.7615967,304.1596423,299.9483311,1.0000037,1.000003656,0.230616871,0.220443658,1780.3094,1378.310059,1325.787932,978.282248,0.0,0.0,0.0,0.0,0.0,0.0,1821.6566,880.6786296,1216.205284,513.3202161,0.068593815,0.054536606,0.062150623,0.049277154,301.66766,297.903951,297.74522,296.4298288,0.47619298,0.171678483,0.199794167,0.046952511,304.1518579,299.9473522,0.232897353,0.222164311,0.199091946,0.046673341,297.7561167,296.4292615,0.062125381,0.049275332,24,4.0,68.09926405,51.60462262,33.23300881,0.019736842,0.276315789,0.065789474,0.085526316,0.032894737,0.111842105,0.013157895,0.052631579,0.322368421,0.019736842,14,10,0.0,0.0,0.0,0.0,0.0,0.960526316,0.019736842,0.019736842,2,3,0.0,0.0,0.0,0.0,0.0,0.0,16.49464143,2509.363753,0,0.0,0
9/24/2024,county_1,12001,Alachua,1,0.000364347,3.34e-05,0.000801094,9.93e-06,9.04e-07,2.17e-05,6.127132,3.396367709,3.174329457,2.017535126,306.82266,301.7827352,304.8637952,299.7299077,1.0000037,1.000003656,0.224885263,0.22205866,611.3083,271.6592,330.965589,78.27256454,0.0,0.0,0.0,0.0,0.0,0.0,1911.8884,911.6938477,1555.693668,561.4730375,0.043695476,0.034632578,0.040101955,0.031670505,296.93707,295.8471069,295.7299034,294.4989506,0.000142422,7.56e-06,2.13e-06,1.05e-07,304.8609954,299.7294426,0.226413898,0.223585829,2.44e-06,1.29e-07,295.732571,294.5079446,0.040080303,0.031687007,24,0.0,68.09926405,51.60462262,33.23300881,0.019736842,0.276315789,0.065789474,0.085526316,0.032894737,0.111842105,0.013157895,0.052631579,0.322368421,0.019736842,14,10,0.0,0.0,0.0,0.0,0.0,0.960526316,0.019736842,0.019736842,2,3,0.0,0.0,0.0,0.0,0.0,0.0,16.49464143,2509.363753,0,0.0,0
9/23/2024,county_1,12001,Alachua,1,0.18486609,0.011128007,0.26707217,0.002761936,0.000184225,0.004421394,4.9036913,3.265748024,3.118144186,1.990319365,306.66907,301.2801921,304.6427323,299.0332792,1.0000037,1.000003656,0.231498543,0.228637765,1068.0729,417.4046631,588.4187911,195.5652046,0.0,0.0,0.0,0.0,0.0,0.0,1899.3103,819.8977051,1512.221423,533.1453171,0.04294504,0.03437943,0.036694247,0.031744168,296.856,296.2005005,295.2721525,294.5857394,0.06330734,0.002760145,0.000523324,2.34e-05,304.6481453,299.0351521,0.233020424,0.230155266,0.000505716,2.26e-05,295.2718954,294.585431,0.036645013,0.031737074,24,1.0,68.09926405,51.60462262,33.23300881,0.019736842,0.276315789,0.065789474,0.085526316,0.032894737,0.111842105,0.013157895,0.052631579,0.322368421,0.019736842,14,10,0.0,0.0,0.0,0.0,0.0,0.960526316,0.019736842,0.019736842,2,3,0.0,0.0,0.0,0.0,0.0,0.0,16.49464143,2509.363753,0,0.0,0
9/22/2024,county_1,12001,Alachua,1,0.002871422,0.000263767,0.006330405,0.000333854,2.72e-05,0.000652892,4.693759,3.984678268,2.961679559,2.358733077,306.4032,301.2326253,304.4412264,298.8948225,1.0000037,1.000003656,0.24092875,0.236989434,610.0321,235.4705811,211.3983347,65.01199614,0.0,0.0,0.0,0.0,0.0,0.0,1803.1505,818.9006348,1515.568771,563.2249793,0.037217975,0.032050942,0.030526829,0.028538811,296.78522,295.4706014,295.5717002,293.685428,0.001006606,6.94e-05,4.88e-05,3.23e-06,304.4396287,298.8953836,0.242377473,0.238473238,5.19e-05,3.51e-06,295.5711758,293.6888947,0.030525683,0.028542474,24,1.5,68.09926405,51.60462262,33.23300881,0.019736842,0.276315789,0.065789474,0.085526316,0.032894737,0.111842105,0.013157895,0.052631579,0.322368421,0.019736842,14,10,0.0,0.0,0.0,0.0,0.0,0.960526316,0.019736842,0.019736842,2,3,0.0,0.0,0.0,0.0,0.0,0.0,16.49464143,2509.363753,0,0.0,0
9/21/2024,county_1,12001,Alachua,1,6.957601,0.561217745,13.469226,0.360944371,0.033233235,0.797597644,7.241796,4.627918879,4.856157805,2.802051147,305.18106,300.8492635,303.2163343,298.6518351,1.0000037,1.000003656,0.252958724,0.247174163,1283.8132,604.3876953,1016.569285,263.5911804,0.0,0.0,0.0,0.0,0.0,0.0,1734.8076,888.8603516,1434.534025,554.7094761,0.0564326,0.043507536,0.044667646,0.037338517,298.00757,296.070048,295.7979544,294.4511601,0.5103121,0.270867745,0.078684386,0.033009015,303.219794,298.6533309,0.254339747,0.248611672,0.078062188,0.032783646,295.797256,294.4500426,0.044615154,0.03733199,24,0.0,68.09926405,51.60462262,33.23300881,0.019736842,0.276315789,0.065789474,0.085526316,0.032894737,0.111842105,0.013157895,0.052631579,0.322368421,0.019736842,14,10,0.0,0.0,0.0,0.0,0.0,0.960526316,0.019736842,0.019736842,2,3,0.0,0.0,0.0,0.0,0.0,0.0,16.49464143,2509.363753,0,0.0,0
9/20/2024,county_1,12001,Alachua,1,16.26346,2.454628468,58.911083,0.68962574,0.138117438,3.314818511,6.821369,3.545152664,2.848165813,1.758076122,306.7552,301.8735962,304.270919,299.4377859,1.0000037,1.000003656,0.256346025,0.250848734,1572.301,890.6424967,1050.945621,567.0597084,0.0,0.0,0.0,0.0,0.0,0.0,2320.309,894.8102214,1709.025493,460.7321183,0.05823324,0.0418388,0.044565323,0.037089986,299.55475,296.8424886,295.8607627,295.0056763,0.5234236,0.343253692,0.079806434,0.031200473,304.2702427,299.4413003,0.257613447,0.252444948,0.079276598,0.030964957,295.8636016,295.0022298,0.044448026,0.037084669,24,0.0,68.09926405,51.60462262,33.23300881,0.019736842,0.276315789,0.065789474,0.085526316,0.032894737,0.111842105,0.013157895,0.052631579,0.322368421,0.019736842,14,10,0.0,0.0,0.0,0.0,0.0,0.960526316,0.019736842,0.019736842,2,3,0.0,0.0,0.0,0.0,0.0,0.0,16.49464143,2509.363753,0,0.0,0
9/19/2024,county_1,12001,Alachua,1,19.638334,2.192079067,52.609898,0.391499193,0.042257242,1.0141738,4.789204,3.20082283,2.206354041,1.504347927,305.18875,301.8224691,303.9110814,299.9294187,1.0000037,1.000003656,0.272738758,0.261742106,1995.3564,1451.787598,1443.872841,829.7946788,0.0,0.0,0.0,0.0,0.0,0.0,1854.9943,891.0358887,1421.71803,520.5450391,0.05451242,0.046485523,0.04903325,0.041099757,300.07483,297.7303263,297.0097656,295.6859109,0.48115182,0.317686637,0.127569023,0.047609393,303.9178343,299.9329556,0.274619915,0.263528008,0.128073911,0.047776264,297.0110973,295.6810228,0.049030163,0.041092184,24,0.0,68.09926405,51.60462262,33.23300881,0.019736842,0.276315789,0.065789474,0.085526316,0.032894737,0.111842105,0.013157895,0.052631579,0.322368421,0.019736842,14,10,0.0,0.0,0.0,0.0,0.0,0.960526316,0.019736842,0.019736842,2,3,0.0,0.0,0.0,0.0,0.0,0.0,16.49464143,2509.363753,1,0.0,0
9/18/2024,county_1,12001,Alachua,1,24.413477,5.509088516,132.21812,3.883228101,0.606594673,14.55827216,8.317061,4.737627029,3.532556634,2.177825058,305.11182,301.3585205,302.1674034,299.2511265,1.0000037,1.000003656,0.289655133,0.267527001,2471.5562,2060.039388,2087.179071,1510.941747,0.0,0.0,0.0,0.0,0.0,0.0,1751.2129,845.7380371,964.7027138,369.7746847,0.06907821,0.057071636,0.054623434,0.050019833,301.04218,297.9341634,297.470035,296.5643685,0.54952615,0.375089129,0.149218133,0.091124577,302.169866,299.2510572,0.291223843,0.269729264,0.150940853,0.091769159,297.4720484,296.5697003,0.054605165,0.050023177,24,0.0,68.09926405,51.60462262,33.23300881,0.019736842,0.276315789,0.065789474,0.085526316,0.032894737,0.111842105,0.013157895,0.052631579,0.322368421,0.019736842,14,10,0.0,0.0,0.0,0.0,0.0,0.960526316,0.019736842,0.019736842,2,3,0.0,0.0,0.0,0.0,0.0,0.0,16.49464143,2509.363753,1,0.0,0
9/15/2024,county_1,12001,Alachua,1,31.73688,3.746645292,89.91949,1.008813657,0.089636069,2.151265655,8.619825,4.46774896,4.567152726,2.640418065,305.6546,301.8007202,303.2192897,300.1932587,1.0000037,1.000003656,0.253338362,0.249390867,2424.0896,2064.351237,1920.256168,1605.733998,0.0,0.0,0.0,0.0,0.0,0.0,1474.7089,826.9770508,1015.736431,500.7369299,0.066111445,0.052014897,0.05267339,0.045321543,298.57935,297.903422,297.6081414,296.8226693,0.5592581,0.273545543,0.084081085,0.036884386,303.2152251,300.1932682,0.254637508,0.250727865,0.083481897,0.036915892,297.6094892,296.8229827,0.052678128,0.045370978,24,0.0,68.09926405,51.60462262,33.23300881,0.019736842,0.276315789,0.065789474,0.085526316,0.032894737,0.111842105,0.013157895,0.052631579,0.322368421,0.019736842,14,10,0.0,0.0,0.0,0.0,0.0,0.960526316,0.019736842,0.019736842,2,3,0.0,0.0,0.0,0.0,0.0,0.0,16.49464143,2509.363753,0,0.0,0
9/14/2024,county_1,12001,Alachua,1,23.784317,2.410322507,57.84774,1.334053341,0.11554089,2.77298135,6.950738,3.684794744,3.41624531,1.938225997,305.89084,301.5964966,303.9922389,300.0167418,1.0000037,1.000003656,0.257645833,0.254270501,2468.015,1865.726725,1941.740748,1479.235758,0.0,0.0,0.0,0.0,0.0,0.0,1562.9092,767.3404948,1129.995374,462.902604,0.06199037,0.053899109,0.055552401,0.050001344,299.4115,298.2753703,297.4760999,297.0564779,0.446279,0.191836913,0.081476713,0.022587391,303.9873908,300.0180764,0.258728894,0.25561532,0.079582792,0.022517887,297.4754289,297.0554401,0.055555558,0.050007725,24,0.0,68.09926405,51.60462262,33.23300881,0.019736842,0.276315789,0.065789474,0.085526316,0.032894737,0.111842105,0.013157895,0.052631579,0.322368421,0.019736842,14,10,0.0,0.0,0.0,0.0,0.0,0.960526316,0.019736842,0.019736842,2,3,0.0,0.0,0.0,0.0,0.0,0.0,16.49464143,2509.363753,0,0.0,0
9/13/2024,county_1,12001,Alachua,1,34.22674,1.705136935,40.923286,0.816299539,0.080828605,1.939886526,4.911022,3.079011917,3.252809223,1.527854802,305.52,302.1752523,303.5466694,300.4014239,1.0000037,1.000003656,0.279294717,0.266450563,1359.8009,1087.245199,871.8107525,629.5038415,0.0,0.0,0.0,0.0,0.0,0.0,1638.7739,715.880127,1039.892784,416.9098206,0.06512092,0.055770189,0.056231405,0.052396665,298.82422,297.7171427,297.9222605,296.5099819,0.5910814,0.273052136,0.220267271,0.086361119,303.548766,300.4038871,0.28052005,0.267836534,0.221647702,0.087024112,297.9189491,296.5146914,0.056203495,0.052400688,24,0.0,68.09926405,51.60462262,33.23300881,0.019736842,0.276315789,0.065789474,0.085526316,0.032894737,0.111842105,0.013157895,0.052631579,0.322368421,0.019736842,14,10,0.0,0.0,0.0,0.0,0.0,0.960526316,0.019736842,0.019736842,2,3,0.0,0.0,0.0,0.0,0.0,0.0,16.49464143,2509.363753,0,0.0,0
9/12/2024,county_1,12001,Alachua,1,69.783936,10.36345863,248.723,2.144568795,0.401459203,9.635020872,6.237027,3.739406268,2.627658643,1.904120893,306.92108,302.2927043,304.6012798,300.3623304,1.0000037,1.000003656,0.282180008,0.268704427,1899.5468,1271.755452,1312.886102,847.017092,0.0,0.0,0.0,0.0,0.0,0.0,1735.3037,887.2956543,1103.019428,519.3879245,0.07359971,0.061965873,0.061081755,0.055668721,302.0424,298.8623454,298.3977179,297.323149,0.5656268,0.187094192,0.188916608,0.036113225,304.5821015,300.3603316,0.283383569,0.269962791,0.190216634,0.036477833,298.3869688,297.3251423,0.061032097,0.055670764,24,0.0,68.09926405,51.60462262,33.23300881,0.019736842,0.276315789,0.065789474,0.085526316,0.032894737,0.111842105,0.013157895,0.052631579,0.322368421,0.019736842,14,10,0.0,0.0,0.0,0.0,0.0,0.960526316,0.019736842,0.019736842,2,3,0.0,0.0,0.0,0.0,0.0,0.0,16.49464143,2509.363753,1,0.0,0
9/11/2024,county_1,12001,Alachua,1,53.39354,8.719654719,209.27171,7.131134033,0.920696909,22.09672581,8.146463,5.608525594,5.392093859,3.376510453,303.25516,300.8177083,301.3050216,298.8724729,1.0000037,1.000003656,0.29784185,0.274373358,1572.9978,1050.189128,996.1442229,587.3313095,0.0,0.0,0.0,0.0,0.0,0.0,1175.5322,759.6773275,611.1238178,381.4004153,0.0722063,0.062511121,0.064090867,0.059288223,298.8535,297.8949178,298.0238744,296.9030162,0.57005,0.286509613,0.221057942,0.057797899,301.2953935,298.8785212,0.298507954,0.275404548,0.220391173,0.058100015,298.0094812,296.9018039,0.064044714,0.059288662,24,0.0,68.09926405,51.60462262,33.23300881,0.019736842,0.276315789,0.065789474,0.085526316,0.032894737,0.111842105,0.013157895,0.052631579,0.322368421,0.019736842,14,10,0.0,0.0,0.0,0.0,0.0,0.960526316,0.019736842,0.019736842,2,3,0.0,0.0,0.0,0.0,0.0,0.0,16.49464143,2509.363753,1,0.0,0
9/9/2024,county_1,12001,Alachua,1,50.065357,6.81596756,163.58322,3.456918014,0.479719877,11.51327704,8.809111,3.822196007,4.144734834,2.000670605,307.18384,302.0863037,304.9944747,300.3185211,1.0000037,1.000003656,0.282397446,0.26102198,2202.1538,1523.263021,1711.271587,1026.385312,0.0,0.0,0.0,0.0,0.0,0.0,1787.4259,838.8055013,1303.667763,435.2184384,0.073591664,0.062753608,0.061594047,0.058640949,300.1589,298.492452,298.0431229,297.2522658,0.51776534,0.356575131,0.252436788,0.09977813,304.9912632,300.3164819,0.283267364,0.262546909,0.251440572,0.100497209,298.0196214,297.2491611,0.061565496,0.058624144,24,0.0,68.09926405,51.60462262,33.23300881,0.019736842,0.276315789,0.065789474,0.085526316,0.032894737,0.111842105,0.013157895,0.052631579,0.322368421,0.019736842,14,10,0.0,0.0,0.0,0.0,0.0,0.960526316,0.019736842,0.019736842,2,3,0.0,0.0,0.0,0.0,0.0,0.0,16.49464143,2509.363753,1,0.0,0
9/8/2024,county_1,12001,Alachua,1,51.726025,4.02377828,96.57068,2.189585636,0.139735207,3.353644965,6.15239,3.360700289,3.262048621,1.722699243,308.1452,302.5593669,304.9598067,300.741363,1.0000037,1.000003656,0.264826599,0.25942186,2589.3408,1640.791504,1696.269326,1123.576868,0.0,0.0,0.0,0.0,0.0,0.0,2268.9414,938.4414063,1261.814967,476.3428505,0.06997567,0.057711273,0.060311092,0.052134548,299.57153,298.4639486,298.1746505,297.1329142,0.5390959,0.312102735,0.111566406,0.038236712,304.9421783,300.7330579,0.267419431,0.260823886,0.115226013,0.03816048,298.1608729,297.1332568,0.060386973,0.0521344,24,0.0,68.09926405,51.60462262,33.23300881,0.019736842,0.276315789,0.065789474,0.085526316,0.032894737,0.111842105,0.013157895,0.052631579,0.322368421,0.019736842,14,10,0.0,0.0,0.0,0.0,0.0,0.960526316,0.019736842,0.019736842,2,3,0.0,0.0,0.0,0.0,0.0,0.0,16.49464143,2509.363753,0,0.0,0
9/7/2024,county_1,12001,Alachua,1,35.594498,2.857116063,68.570786,1.317404094,0.117437929,2.818510285,8.060773,3.512294134,3.169679943,1.782687066,306.91876,302.2849325,303.9253958,300.403694,1.0000037,1.000003656,0.27649626,0.269550093,2390.2104,1533.890625,1571.70919,1020.208004,0.0,0.0,0.0,0.0,0.0,0.0,1811.3286,805.0585938,1128.732113,393.6457512,0.07048311,0.058197354,0.05771253,0.051994416,300.26483,298.6880697,297.7646227,297.3180949,0.5043884,0.352356076,0.134384908,0.060804862,303.9160973,300.4004927,0.277743702,0.270761705,0.134513166,0.060826242,297.7665062,297.3178081,0.057703988,0.051996744,24,1.25,68.09926405,51.60462262,33.23300881,0.019736842,0.276315789,0.065789474,0.085526316,0.032894737,0.111842105,0.013157895,0.052631579,0.322368421,0.019736842,14,10,0.0,0.0,0.0,0.0,0.0,0.960526316,0.019736842,0.019736842,2,3,0.0,0.0,0.0,0.0,0.0,0.0,16.49464143,2509.363753,0,0.0,0
9/17/2024,county_1,12001,Alachua,1,31.576782,4.32423687,103.781685,1.409128289,0.206705277,4.96092665,5.3809733,3.311243375,2.77602788,1.523535877,305.0393,301.1552734,302.6259509,299.1098279,1.0000037,1.000003656,0.264641887,0.257372946,2163.7014,1744.731934,1609.343339,1294.493061,0.0,0.0,0.0,0.0,0.0,0.0,1615.036,905.3968913,1023.719058,446.8532594,0.06401148,0.054270486,0.053641677,0.049912064,299.83673,297.4576416,296.4528166,295.9050336,0.5442119,0.298347672,0.10026694,0.060729675,302.6390912,299.1052227,0.267069651,0.259384849,0.099998809,0.061029662,296.4518525,295.9070429,0.053615931,0.0499111,24,1.25,68.09926405,51.60462262,33.23300881,0.019736842,0.276315789,0.065789474,0.085526316,0.032894737,0.111842105,0.013157895,0.052631579,0.322368421,0.019736842,14,10,0.0,0.0,0.0,0.0,0.0,0.960526316,0.019736842,0.019736842,2,3,0.0,0.0,0.0,0.0,0.0,0.0,16.49464143,2509.363753,1,1.25,1
9/16/2024,county_1,12001,Alachua,1,44.74613,9.095982869,218.30359,3.317162965,0.438305201,10.51932481,8.631644,4.045087814,4.822282088,1.978758778,305.4845,300.989502,302.1718493,299.0536745,1.0000037,1.000003656,0.275236255,0.254198736,2331.8486,1708.681315,1740.602385,1240.0282,0.0,0.0,0.0,0.0,0.0,0.0,1562.5763,781.1033529,811.8006271,395.9430652,0.067563504,0.057246288,0.055742057,0.051193103,300.61722,297.8648682,296.9477796,296.5617772,0.5638202,0.428391695,0.125758058,0.06112917,302.1451532,299.0472064,0.277478813,0.255785065,0.12545575,0.061791397,296.9540033,296.5639935,0.055681713,0.051203346,24,1.5,68.09926405,51.60462262,33.23300881,0.019736842,0.276315789,0.065789474,0.085526316,0.032894737,0.111842105,0.013157895,0.052631579,0.322368421,0.019736842,14,10,0.0,0.0,0.0,0.0,0.0,0.960526316,0.019736842,0.019736842,2,3,0.0,0.0,0.0,0.0,0.0,0.0,16.49464143,2509.363753,1,1.5,1
9/10/2024,county_1,12001,Alachua,1,2.845094,0.308850447,7.4124107,0.112073923,0.012678598,0.304286353,7.3925996,5.23147742,5.782204477,3.495512117,303.7692,300.9826864,302.0498818,299.3796151,1.0000037,1.000003656,0.272303732,0.261024206,1575.9678,1068.184326,885.0008224,642.4887535,0.0,0.0,0.0,0.0,0.0,0.0,1175.3031,801.2646484,865.0015419,505.6596091,0.063616544,0.059299916,0.060650393,0.057133456,298.14462,297.6883138,297.0688734,296.5390646,0.4522767,0.276300848,0.201772301,0.077748051,302.0498587,299.3808962,0.273419853,0.262286718,0.201656615,0.077900749,297.0623962,296.5380944,0.060625006,0.057124818,24,1.75,68.09926405,51.60462262,33.23300881,0.019736842,0.276315789,0.065789474,0.085526316,0.032894737,0.111842105,0.013157895,0.052631579,0.322368421,0.019736842,14,10,0.0,0.0,0.0,0.0,0.0,0.960526316,0.019736842,0.019736842,2,3,0.0,0.0,0.0,0.0,0.0,0.0,16.49464143,2509.363753,1,1.75,1
7/28/2024,county_1,12001,Alachua,1,50.163197,10.14088122,243.38115,3.810145328,0.543370024,13.04088058,8.230156,4.043801626,4.207482589,2.015320908,306.64633,302.5158691,303.8011924,300.4503677,1.0000037,1.000003656,0.281946107,0.266725595,2803.5461,2008.898438,2356.789063,1378.018336,0.0,0.0,0.0,0.0,0.0,0.0,1649.2212,760.5549316,1004.38199,386.5167798,0.074815,0.063841636,0.062571657,0.059233894,300.4467,298.8366089,298.0648129,297.5663356,0.6022319,0.464450677,0.176291629,0.095016145,303.8188917,300.4574202,0.28263348,0.267978583,0.176394438,0.094791982,298.0720824,297.5677797,0.062517601,0.059234238,24,1.5,68.09926405,51.60462262,33.23300881,0.019736842,0.276315789,0.065789474,0.085526316,0.032894737,0.111842105,0.013157895,0.052631579,0.322368421,0.019736842,14,10,0.0,0.0,0.0,0.0,0.0,0.960526316,0.019736842,0.019736842,2,3,0.0,0.0,0.0,0.0,0.0,0.0,16.49464143,2509.363753,1,1.5,1
7/27/2024,county_1,12001,Alachua,1,54.798702,12.89890416,309.5737,3.320385983,0.608075964,14.59382314,10.309379,3.837586721,3.126398789,1.57221082,307.32562,303.0107829,304.7188014,300.9326697,1.0000037,1.000003656,0.285273627,0.269733821,3476.4905,2513.414063,2819.910773,1688.609225,0.0,0.0,0.0,0.0,0.0,0.0,1662.4863,754.8898926,1054.606908,358.9076313,0.0763044,0.061647892,0.060755981,0.054195299,303.33032,299.228068,298.6019737,297.6312556,0.59600186,0.449727615,0.306155506,0.141775929,304.7137477,300.933229,0.286875472,0.271259839,0.30541295,0.141450712,298.6027209,297.63407,0.060808038,0.054195473,24,1.75,68.09926405,51.60462262,33.23300881,0.019736842,0.276315789,0.065789474,0.085526316,0.032894737,0.111842105,0.013157895,0.052631579,0.322368421,0.019736842,14,10,0.0,0.0,0.0,0.0,0.0,0.960526316,0.019736842,0.019736842,2,3,0.0,0.0,0.0,0.0,0.0,0.0,16.49464143,2509.363753,1,1.75,1
7/9/2024,county_1,12001,Alachua,1,29.76798,3.156194687,75.74867,0.968483172,0.110635624,2.65525498,9.902072,4.783993403,5.974595321,2.864275769,305.8215,302.9613444,303.5625,301.2050685,1.0000037,1.000003656,0.255513718,0.248772929,3058.2747,1856.821615,2204.645765,1098.490536,0.0,0.0,0.0,0.0,0.0,0.0,1475.6215,814.6695964,942.8066406,442.697679,0.07424325,0.062856947,0.06366268,0.059081384,299.63516,298.3697713,298.4913137,297.0610769,0.5937325,0.302616696,0.159778545,0.06122258,303.5750103,301.2074535,0.256959141,0.250024779,0.161956462,0.061822373,298.4904676,297.0683823,0.063568921,0.059080902,24,1.25,68.09926405,51.60462262,33.23300881,0.019736842,0.276315789,0.065789474,0.085526316,0.032894737,0.111842105,0.013157895,0.052631579,0.322368421,0.019736842,14,10,0.0,0.0,0.0,0.0,0.0,0.960526316,0.019736842,0.019736842,2,3,0.0,0.0,0.0,0.0,0.0,0.0,16.49464143,2509.363753,1,1.25,1
6/22/2024,county_1,12001,Alachua,1,61.70971,9.600048065,230.40115,3.366127416,0.411701832,9.880843974,7.3307924,3.963195165,3.257419586,2.195388033,307.81937,303.7073771,305.7726922,301.8473093,1.0000037,1.000003656,0.224384584,0.213812226,2762.78,1855.560384,2253.372944,1226.399303,0.0,0.0,0.0,0.0,0.0,0.0,1891.1544,980.2102051,1327.64412,575.2248953,0.0716372,0.059483265,0.060510516,0.051764594,299.23532,298.4603271,298.3525134,296.5423648,0.53593314,0.272784551,0.204904682,0.07084796,305.7509381,301.840861,0.225315557,0.214928085,0.201946333,0.070231074,298.3453723,296.5541228,0.060439478,0.051797312,24,1.0,68.09926405,51.60462262,33.23300881,0.019736842,0.276315789,0.065789474,0.085526316,0.032894737,0.111842105,0.013157895,0.052631579,0.322368421,0.019736842,14,10,0.0,0.0,0.0,0.0,0.0,0.960526316,0.019736842,0.019736842,2,3,0.0,0.0,0.0,0.0,0.0,0.0,16.49464143,2509.363753,1,1.0,1
6/16/2024,county_1,12001,Alachua,1,39.33801,3.844067256,92.257614,1.876048841,0.162609801,3.902635215,8.404813,3.532714844,3.447524221,1.757431181,307.90186,303.1375936,306.1365132,301.0959002,1.0000037,1.000003656,0.221804669,0.215068995,2204.7231,1148.302653,1449.035362,659.5705888,0.0,0.0,0.0,0.0,0.0,0.0,2187.847,1058.308675,1748.728207,614.3251224,0.07024053,0.050019041,0.054264483,0.044441421,299.24716,297.6107585,297.0155479,295.5942565,0.56045777,0.324359715,0.098266031,0.050285702,306.102681,301.0916237,0.222623857,0.216054345,0.097534365,0.050397474,297.0040593,295.5988317,0.054256386,0.044436265,24,1.5,68.09926405,51.60462262,33.23300881,0.019736842,0.276315789,0.065789474,0.085526316,0.032894737,0.111842105,0.013157895,0.052631579,0.322368421,0.019736842,14,10,0.0,0.0,0.0,0.0,0.0,0.960526316,0.019736842,0.019736842,2,3,0.0,0.0,0.0,0.0,0.0,0.0,16.49464143,2509.363753,1,1.5,1
6/13/2024,county_1,12001,Alachua,1,47.222427,7.994447708,191.86674,2.340817903,0.38244067,9.178576076,9.164165,4.406315804,3.304815594,1.963955586,307.2438,302.2845459,304.1219675,300.213758,1.0000037,1.000003656,0.227414407,0.215881992,2292.1328,1784.692708,1786.182155,1279.153978,0.0,0.0,0.0,0.0,0.0,0.0,1775.2332,832.8713379,1164.043894,444.288329,0.07227043,0.058180898,0.057430443,0.052950129,299.91544,298.1580404,297.5126953,296.7149112,0.58152586,0.426080823,0.190899849,0.09596113,304.1163521,300.2170934,0.229263782,0.217188493,0.188441092,0.095301904,297.5033678,296.7175325,0.057438501,0.052944697,24,1.25,68.09926405,51.60462262,33.23300881,0.019736842,0.276315789,0.065789474,0.085526316,0.032894737,0.111842105,0.013157895,0.052631579,0.322368421,0.019736842,14,10,0.0,0.0,0.0,0.0,0.0,0.960526316,0.019736842,0.019736842,2,3,0.0,0.0,0.0,0.0,0.0,0.0,16.49464143,2509.363753,1,1.25,1
5/20/2024,county_1,12001,Alachua,1,7.2770157,0.942721208,22.625309,0.385190587,0.03707024,0.889685758,7.260001,4.248778025,4.757387663,2.47176807,304.9669,300.4635824,302.5355417,298.2844581,1.0000037,1.000003656,0.23126035,0.22689091,1767.9128,903.1488444,1153.89854,535.6089431,0.0,0.0,0.0,0.0,0.0,0.0,2039.2526,984.2427572,1460.660156,644.3369515,0.050249502,0.037940795,0.03870245,0.032920596,297.56564,295.3069661,294.9551038,293.2983099,0.5229986,0.303977927,0.18601543,0.065475518,302.5291766,298.2802812,0.232631355,0.228228583,0.183088342,0.064384588,294.9521788,293.2985413,0.03869067,0.03292812,24,1.0,68.09926405,51.60462262,33.23300881,0.019736842,0.276315789,0.065789474,0.085526316,0.032894737,0.111842105,0.013157895,0.052631579,0.322368421,0.019736842,14,10,0.0,0.0,0.0,0.0,0.0,0.960526316,0.019736842,0.019736842,2,3,0.0,0.0,0.0,0.0,0.0,0.0,16.49464143,2509.363753,1,1.0,1
5/11/2024,county_1,12001,Alachua,1,39.83588,3.187239329,76.493744,12.32964606,0.708151806,16.99564335,5.742974,4.388175964,3.843632347,2.531013623,303.70538,299.067749,301.2568359,296.5271735,1.0000037,1.000003656,0.318059821,0.2668072,2656.0532,521.7296143,2284.702303,311.7130781,3.01e-10,1.25e-11,3.01e-10,5.71e-12,2.38e-13,5.71e-12,1629.0441,830.4125977,1236.227899,539.3920548,0.062472392,0.029836901,0.047087641,0.024744053,297.13657,290.9644368,295.7763929,288.3132281,0.6298535,0.235897839,0.298962292,0.107817281,301.2568821,296.5257843,0.318632189,0.267643279,0.297914034,0.107385513,295.7616308,288.3111507,0.046967971,0.024741082,24,1.5,68.09926405,51.60462262,33.23300881,0.019736842,0.276315789,0.065789474,0.085526316,0.032894737,0.111842105,0.013157895,0.052631579,0.322368421,0.019736842,14,10,0.0,0.0,0.0,0.0,0.0,0.960526316,0.019736842,0.019736842,2,3,0.0,0.0,0.0,0.0,0.0,0.0,16.49464143,2509.363753,1,1.5,1
3/9/2024,county_1,12001,Alachua,1,22.699862,2.997726123,71.94543,4.41549522,0.461867557,11.08482137,8.419083,5.989173253,5.994392797,3.945693275,299.97418,296.564799,298.4305613,295.4944469,1.0000037,1.000003656,0.283603944,0.235046819,1480.1455,876.4788411,1163.648129,674.8050694,0.0,0.0,0.0,0.0,0.0,0.0,1355.2931,789.7080078,640.1835938,436.5090471,0.058021348,0.043073495,0.052024302,0.039491674,295.8404,294.8744303,294.9474455,294.2698793,0.45617846,0.285435836,0.185873634,0.049481557,298.4319781,295.4947788,0.283916912,0.236150457,0.184948897,0.048578744,294.9380849,294.2602431,0.051982003,0.039490866,24,1.25,68.09926405,51.60462262,33.23300881,0.019736842,0.276315789,0.065789474,0.085526316,0.032894737,0.111842105,0.013157895,0.052631579,0.322368421,0.019736842,14,10,0.0,0.0,0.0,0.0,0.0,0.960526316,0.019736842,0.019736842,2,3,0.0,0.0,0.0,0.0,0.0,0.0,16.49464143,2509.363753,1,1.25,1
3/3/2024,county_1,12001,Alachua,1,32.9455,7.055322011,169.32773,4.417981198,0.760936912,18.26248589,7.646804,3.99626414,2.508466018,1.793613287,299.33426,294.9971517,297.8027344,293.676337,1.0000037,1.000003656,0.286016314,0.263916308,1400.3705,731.59611,1099.549959,468.5812544,0.000466726,1.94e-05,0.000466726,3.08e-06,1.28e-07,3.08e-06,1420.2605,640.5146484,1133.945621,405.2886146,0.04748552,0.035230227,0.039620421,0.031931494,294.7085,292.0230713,292.0948037,290.5188545,0.45733047,0.259771605,0.183835381,0.074263083,297.796476,293.6747906,0.287349608,0.265238416,0.183558361,0.074095867,292.0943415,290.5180135,0.039605417,0.031928315,24,1.25,68.09926405,51.60462262,33.23300881,0.019736842,0.276315789,0.065789474,0.085526316,0.032894737,0.111842105,0.013157895,0.052631579,0.322368421,0.019736842,14,10,0.0,0.0,0.0,0.0,0.0,0.960526316,0.019736842,0.019736842,2,3,0.0,0.0,0.0,0.0,0.0,0.0,16.49464143,2509.363753,1,1.25,1
2/23/2024,county_1,12001,Alachua,1,10.535466,1.336799622,32.08319,2.635450464,0.322821647,7.74771953,10.7526655,5.980047862,6.953533775,3.792262186,293.81134,289.972819,292.5729595,288.1714231,1.0000037,1.000003656,0.267067884,0.240464072,355.97418,118.476359,190.8135922,61.53549402,0.0,0.0,0.0,0.0,0.0,0.0,1270.281,696.3697103,804.5534539,439.7157764,0.041632403,0.026889118,0.036981943,0.023799543,291.52478,288.3949178,290.9282484,287.2450476,0.4106408,0.201108515,0.151572704,0.049565266,292.5721973,288.1765308,0.268090194,0.241688841,0.150569236,0.049350259,290.9145691,287.2405331,0.036927512,0.02379365,24,1.0,68.09926405,51.60462262,33.23300881,0.019736842,0.276315789,0.065789474,0.085526316,0.032894737,0.111842105,0.013157895,0.052631579,0.322368421,0.019736842,14,10,0.0,0.0,0.0,0.0,0.0,0.960526316,0.019736842,0.019736842,2,3,0.0,0.0,0.0,0.0,0.0,0.0,16.49464143,2509.363753,1,1.0,1
2/17/2024,county_1,12001,Alachua,1,8.997728,1.695043723,40.68105,2.628688009,0.744690688,17.8725765,5.2326183,2.880643527,2.16795068,1.330749384,291.14136,289.1841838,288.8388929,288.068188,1.0000037,1.000003656,0.294957588,0.232979792,62.649906,20.10881297,21.71935393,5.654028653,0.0,0.0,0.0,0.0,0.0,0.0,743.9521,320.2324219,303.7518246,139.8194316,0.040058028,0.038774659,0.038890754,0.037727344,288.34506,287.9306641,287.8931949,287.4304488,0.44843614,0.372125467,0.166223401,0.13322248,288.8473952,288.0695246,0.296178831,0.234374572,0.16578488,0.132803001,287.8935524,287.429214,0.038882586,0.037722093,24,1.25,68.09926405,51.60462262,33.23300881,0.019736842,0.276315789,0.065789474,0.085526316,0.032894737,0.111842105,0.013157895,0.052631579,0.322368421,0.019736842,14,10,0.0,0.0,0.0,0.0,0.0,0.960526316,0.019736842,0.019736842,2,3,0.0,0.0,0.0,0.0,0.0,0.0,16.49464143,2509.363753,1,1.25,1
2/4/2024,county_1,12001,Alachua,1,12.337083,2.201990922,52.847782,2.993257221,0.495245082,11.88588198,11.231461,6.172225316,7.215633995,3.708470353,295.86444,290.059082,294.178531,288.68443,1.0000037,1.000003656,0.268632186,0.237084178,1128.9885,339.1522624,832.9739926,218.4488859,0.3845374,0.016285177,0.39084426,0.013112242,0.00055078,0.013218711,1746.6067,842.7298177,1136.63785,504.6488615,0.03920314,0.027598682,0.036457626,0.024040756,292.1133,288.4893392,290.2078022,287.2206153,0.4563537,0.224119743,0.137424695,0.049843527,294.170624,288.6839623,0.27030709,0.238543418,0.13722945,0.049684792,290.2037325,287.2213435,0.036481894,0.024049119,24,1.25,68.09926405,51.60462262,33.23300881,0.019736842,0.276315789,0.065789474,0.085526316,0.032894737,0.111842105,0.013157895,0.052631579,0.322368421,0.019736842,14,10,0.0,0.0,0.0,0.0,0.0,0.960526316,0.019736842,0.019736842,2,3,0.0,0.0,0.0,0.0,0.0,0.0,16.49464143,2509.363753,1,1.25,1
1/6/2024,county_1,12001,Alachua,1,24.077675,3.315716426,79.577194,11.5474982,1.263172011,30.31612825,10.387107,6.630605698,6.114925184,3.937110725,297.11298,291.7312419,295.8658769,290.197105,1.0000037,1.000003656,0.338707347,0.271826899,453.71655,109.4817403,239.7678351,50.4474049,0.0,0.0,0.0,0.0,0.0,0.0,1446.1606,789.064209,933.2119655,606.5318764,0.05147811,0.027480359,0.048378308,0.024446938,293.80515,289.8925985,293.0494449,288.5012625,0.41679847,0.090396404,0.142968454,0.026892926,295.8374233,290.1939521,0.339974034,0.273208012,0.142491641,0.026783703,293.0328759,288.5011821,0.048403879,0.02445184,24,1.0,68.09926405,51.60462262,33.23300881,0.019736842,0.276315789,0.065789474,0.085526316,0.032894737,0.111842105,0.013157895,0.052631579,0.322368421,0.019736842,14,10,0.0,0.0,0.0,0.0,0.0,0.960526316,0.019736842,0.019736842,2,3,0.0,0.0,0.0,0.0,0.0,0.0,16.49464143,2509.363753,1,1.0,1
12/16/2023,county_1,12001,Alachua,1,10.039331,2.202041467,52.848995,5.311707346,0.675678073,16.21627376,6.910787,5.251457214,4.104648791,3.123438241,294.8246,291.1509603,292.8642321,289.6755671,1.0000037,1.000003656,0.296356,0.235009296,241.39415,79.98233541,84.59335167,31.29728438,0.0,0.0,0.0,0.0,0.0,0.0,1191.5834,712.2079264,960.4016242,441.5710513,0.046144716,0.035956624,0.043287704,0.034014701,291.87955,289.7591553,291.2578639,288.6941957,0.43586382,0.294316868,0.142841703,0.079587966,292.8817887,289.6772297,0.297528546,0.236231722,0.142441223,0.079610457,291.2547727,288.6915093,0.043273712,0.034010221,24,1.25,68.09926405,51.60462262,33.23300881,0.019736842,0.276315789,0.065789474,0.085526316,0.032894737,0.111842105,0.013157895,0.052631579,0.322368421,0.019736842,14,10,0.0,0.0,0.0,0.0,0.0,0.960526316,0.019736842,0.019736842,2,3,0.0,0.0,0.0,0.0,0.0,0.0,16.49464143,2509.363753,1,1.25,1
11/18/2023,county_1,12001,Alachua,1,0.6826678,0.058079372,1.3939049,0.033685772,0.002419229,0.058061487,4.919417,3.563902219,3.801046271,2.20184007,298.73364,294.6721395,297.7093185,293.2517829,1.0000037,1.000003656,0.266091798,0.25718393,477.1103,227.5175781,366.1412418,158.6926567,0.0,0.0,0.0,0.0,0.0,0.0,1566.286,581.9055583,1315.663343,404.1802285,0.0396154,0.032027687,0.038389429,0.030206742,292.87128,291.7129313,291.2419305,290.3934026,0.37143117,0.182890534,0.047785646,0.019190513,297.7089633,293.2514454,0.26735742,0.258435877,0.048218323,0.019281998,291.2436736,290.3945462,0.038365773,0.030206017,24,1.75,68.09926405,51.60462262,33.23300881,0.019736842,0.276315789,0.065789474,0.085526316,0.032894737,0.111842105,0.013157895,0.052631579,0.322368421,0.019736842,14,10,0.0,0.0,0.0,0.0,0.0,0.960526316,0.019736842,0.019736842,2,3,0.0,0.0,0.0,0.0,0.0,0.0,16.49464143,2509.363753,1,1.75,1
9/28/2023,county_1,12001,Alachua,1,0.13251227,0.013316996,0.3196079,0.004900746,0.000566536,0.013596864,7.0566816,4.804170291,5.098228856,3.279801109,303.35773,299.2456258,301.0049342,297.557236,1.0000037,1.000003656,0.284497813,0.262813474,1031.0784,572.6734212,660.1197574,273.2101059,0.0,0.0,0.0,0.0,0.0,0.0,1220.0428,722.2897135,959.025699,475.5542228,0.053880595,0.051595718,0.052276445,0.050316425,296.991,295.8417969,295.3552118,294.3941907,0.52754855,0.205168466,0.191549489,0.064521593,300.9951002,297.5567862,0.285238238,0.263629657,0.190997164,0.064354053,295.3513924,294.3914397,0.052259836,0.050311318,24,1.75,68.09926405,51.60462262,33.23300881,0.019736842,0.276315789,0.065789474,0.085526316,0.032894737,0.111842105,0.013157895,0.052631579,0.322368421,0.019736842,14,10,0.0,0.0,0.0,0.0,0.0,0.960526316,0.019736842,0.019736842,2,3,0.0,0.0,0.0,0.0,0.0,0.0,16.49464143,2509.363753,1,1.75,1
9/6/2024,county_1,12001,Alachua,1,44.14175,7.392466863,177.4192,2.429852937,0.264904207,6.357700958,7.4408836,3.566377322,2.236286565,1.548860332,305.7539,301.8699544,304.0923623,299.8679456,1.0000037,1.000003656,0.312417382,0.287821386,2582.286,1436.267415,1984.214021,907.42664,0.0,0.0,0.0,0.0,0.0,0.0,1579.1512,704.6132813,1012.289782,356.0334267,0.07415262,0.061487506,0.059443612,0.055871747,300.84006,298.5327352,298.3536955,297.2957346,0.56943196,0.452905615,0.295008484,0.147727042,304.0855335,299.8655254,0.313781362,0.28911321,0.294409534,0.147404596,298.3378171,297.292194,0.059394111,0.055874414,24,3.0,68.09926405,51.60462262,33.23300881,0.019736842,0.276315789,0.065789474,0.085526316,0.032894737,0.111842105,0.013157895,0.052631579,0.322368421,0.019736842,14,10,0.0,0.0,0.0,0.0,0.0,0.960526316,0.019736842,0.019736842,2,3,0.0,0.0,0.0,0.0,0.0,0.0,16.49464143,2509.363753,1,3.0,2
9/5/2024,county_1,12001,Alachua,1,92.44689,15.7094841,377.02762,18.15731169,2.019251683,48.46204039,10.229531,4.509397825,4.159132305,2.334117592,306.9408,302.100769,304.4496042,300.2762847,1.0000037,1.000003656,0.3466895,0.279342019,2424.4214,1671.822917,1903.885896,1257.63674,0.0,0.0,0.0,0.0,0.0,0.0,1547.7302,754.8754883,1056.874794,458.4646558,0.07788784,0.066739316,0.067378527,0.061677455,301.5353,298.8579102,298.1969572,297.7215223,0.5767768,0.447698275,0.276062263,0.143395126,304.4335905,300.2760145,0.34761623,0.280832103,0.275517146,0.14247967,298.1995701,297.721535,0.067297954,0.061678272,24,3.75,68.09926405,51.60462262,33.23300881,0.019736842,0.276315789,0.065789474,0.085526316,0.032894737,0.111842105,0.013157895,0.052631579,0.322368421,0.019736842,14,10,0.0,0.0,0.0,0.0,0.0,0.960526316,0.019736842,0.019736842,2,3,0.0,0.0,0.0,0.0,0.0,0.0,16.49464143,2509.363753,1,3.75,2
9/4/2024,county_1,12001,Alachua,1,72.08592,13.33940633,320.14575,6.112724706,0.925854638,22.22051131,7.838289,4.186528206,3.536922254,2.062548173,307.39905,302.3556315,304.5940584,300.289493,1.0000037,1.000003656,0.295406342,0.273133919,2490.3462,1877.787435,1978.487459,1388.603486,0.0,0.0,0.0,0.0,0.0,0.0,1836.7604,820.592041,1182.249486,404.9700307,0.0765052,0.064041709,0.065270593,0.059684008,300.21335,298.8484701,298.1200658,297.7784188,0.56820154,0.447160641,0.233134044,0.150515578,304.5908884,300.2937912,0.296381782,0.274112194,0.229046542,0.148570477,298.1214603,297.7767877,0.065203372,0.059685317,24,2.25,68.09926405,51.60462262,33.23300881,0.019736842,0.276315789,0.065789474,0.085526316,0.032894737,0.111842105,0.013157895,0.052631579,0.322368421,0.019736842,14,10,0.0,0.0,0.0,0.0,0.0,0.960526316,0.019736842,0.019736842,2,3,0.0,0.0,0.0,0.0,0.0,0.0,16.49464143,2509.363753,1,2.25,2
8/22/2024,county_1,12001,Alachua,1,21.936947,4.642807325,111.427376,1.206629301,0.149461257,3.587070159,8.616648,4.832823118,5.408984937,2.709932018,306.73764,301.93986,303.2816612,300.1040435,1.0000037,1.000003656,0.26725375,0.254877245,2410.9834,1850.250814,1796.693051,1342.086494,0.0,0.0,0.0,0.0,0.0,0.0,1842.2089,939.2413737,1147.220395,528.5052806,0.0657229,0.052787463,0.051811626,0.042865565,301.8354,297.9182739,297.7750308,296.3367545,0.5571125,0.384183486,0.251696938,0.10572267,303.2470142,300.1009399,0.268068906,0.255852864,0.250848456,0.10510279,297.7711125,296.3385336,0.051654751,0.042898842,24,6.25,68.09926405,51.60462262,33.23300881,0.019736842,0.276315789,0.065789474,0.085526316,0.032894737,0.111842105,0.013157895,0.052631579,0.322368421,0.019736842,14,10,0.0,0.0,0.0,0.0,0.0,0.960526316,0.019736842,0.019736842,2,3,0.0,0.0,0.0,0.0,0.0,0.0,16.49464143,2509.363753,1,6.25,2
8/21/2024,county_1,12001,Alachua,1,87.51664,14.57621765,349.82922,8.721525493,1.035913706,24.86192893,10.98552,4.712982814,4.89956384,2.160949485,308.25668,303.1720378,305.2971063,301.1258866,1.0000037,1.000003656,0.280906476,0.236545847,2421.7244,1907.045247,1634.405428,1115.459704,0.010827321,0.000451138,0.010827321,7.12e-05,2.97e-06,7.12e-05,2297.8274,992.0794271,1383.104749,474.8798186,0.07029496,0.051768626,0.058151195,0.044758166,300.9159,298.4954834,297.4237253,296.5437119,0.54070413,0.199846784,0.242134922,0.045778771,305.3043451,301.1248497,0.281437393,0.23782472,0.240020947,0.045468145,297.418116,296.5460196,0.058092849,0.044737368,24,3.5,68.09926405,51.60462262,33.23300881,0.019736842,0.276315789,0.065789474,0.085526316,0.032894737,0.111842105,0.013157895,0.052631579,0.322368421,0.019736842,14,10,0.0,0.0,0.0,0.0,0.0,0.960526316,0.019736842,0.019736842,2,3,0.0,0.0,0.0,0.0,0.0,0.0,16.49464143,2509.363753,1,3.5,2
8/19/2024,county_1,12001,Alachua,1,9.65796,1.321414948,31.713959,0.582646671,0.065177412,1.564257878,10.879928,5.627219518,6.495415939,3.598441584,308.63705,304.1745402,305.6308851,302.5718502,1.0000037,1.000003656,0.209529023,0.207054555,3426.4946,2793.640625,2926.835732,2038.160328,0.0,0.0,0.0,0.0,0.0,0.0,1997.2368,1067.638102,1421.445929,669.3943262,0.06802255,0.052605485,0.053469997,0.046555505,299.61972,298.690918,298.6894788,297.4063946,0.346507,0.050475607,0.025598769,0.002781689,305.6251403,302.5769505,0.209984732,0.20735519,0.025035941,0.002849889,298.6798805,297.4093442,0.053421867,0.046551407,24,5.5,68.09926405,51.60462262,33.23300881,0.019736842,0.276315789,0.065789474,0.085526316,0.032894737,0.111842105,0.013157895,0.052631579,0.322368421,0.019736842,14,10,0.0,0.0,0.0,0.0,0.0,0.960526316,0.019736842,0.019736842,2,3,0.0,0.0,0.0,0.0,0.0,0.0,16.49464143,2509.363753,1,5.5,2
8/3/2024,county_1,12001,Alachua,1,34.27852,3.332966169,79.99119,4.539948313,0.252813494,6.067523849,13.0795765,4.679305712,5.214160317,2.135385103,309.3613,303.8317668,306.5800781,301.7359105,1.0000037,1.000003656,0.269354896,0.25663971,2957.1348,2084.355143,2581.490954,1522.129639,0.0,0.0,0.0,0.0,0.0,0.0,2148.6091,858.1338704,1605.774465,516.8550838,0.071687296,0.057540521,0.055120456,0.051174081,302.4639,299.0151571,298.0694901,297.1464051,0.5925213,0.161644628,0.179287057,0.014146792,306.5353191,301.7347759,0.270498134,0.257809249,0.176204338,0.014130194,298.0724163,297.1532843,0.055112016,0.051182603,24,3.5,68.09926405,51.60462262,33.23300881,0.019736842,0.276315789,0.065789474,0.085526316,0.032894737,0.111842105,0.013157895,0.052631579,0.322368421,0.019736842,14,10,0.0,0.0,0.0,0.0,0.0,0.960526316,0.019736842,0.019736842,2,3,0.0,0.0,0.0,0.0,0.0,0.0,16.49464143,2509.363753,1,3.5,2
8/1/2024,county_1,12001,Alachua,1,36.34401,4.662500381,111.90001,2.544796592,0.275858817,6.620611612,7.8413,3.224984805,2.976848402,1.361908503,309.88354,303.6633301,306.892758,301.399882,1.0000037,1.000003656,0.297207079,0.27301278,3149.244,1925.306315,1973.422903,1147.977808,0.0,0.0,0.0,0.0,0.0,0.0,2286.8882,856.2825521,1548.128906,434.0164238,0.075026095,0.05974414,0.060321187,0.055071752,300.93958,298.7658081,298.5477231,297.2201988,0.5880542,0.380785545,0.264216097,0.138585888,306.883346,301.4000479,0.297174783,0.273575438,0.261967259,0.138203446,298.5223932,297.2259073,0.060334492,0.055075088,24,3.25,68.09926405,51.60462262,33.23300881,0.019736842,0.276315789,0.065789474,0.085526316,0.032894737,0.111842105,0.013157895,0.052631579,0.322368421,0.019736842,14,10,0.0,0.0,0.0,0.0,0.0,0.960526316,0.019736842,0.019736842,2,3,0.0,0.0,0.0,0.0,0.0,0.0,16.49464143,2509.363753,1,3.25,2
7/30/2024,county_1,12001,Alachua,1,45.225662,12.27301915,294.55246,2.509175752,0.463108027,11.11459264,8.004959,4.025202433,3.195108715,1.684265471,307.37552,303.2183634,305.1150802,301.234784,1.0000037,1.000003656,0.269250016,0.248753994,3851.292,2706.946452,2797.5331,1880.247989,0.0,0.0,0.0,0.0,0.0,0.0,1547.4493,819.0777995,1132.682257,438.9850346,0.07711334,0.063431412,0.060735922,0.056694406,303.39975,299.1819661,298.4906713,297.1923089,0.58105516,0.237733106,0.191425223,0.032018407,305.0995802,301.2337765,0.270712009,0.249863202,0.191289291,0.031658645,298.4805701,297.1891916,0.060663271,0.056686018,24,5.25,68.09926405,51.60462262,33.23300881,0.019736842,0.276315789,0.065789474,0.085526316,0.032894737,0.111842105,0.013157895,0.052631579,0.322368421,0.019736842,14,10,0.0,0.0,0.0,0.0,0.0,0.960526316,0.019736842,0.019736842,2,3,0.0,0.0,0.0,0.0,0.0,0.0,16.49464143,2509.363753,1,5.25,2
7/29/2024,county_1,12001,Alachua,1,25.685017,4.261155446,102.26773,1.100744448,0.151261377,3.63027305,9.132697,3.332257271,2.975432145,1.26899838,307.59097,302.8298747,304.6483861,301.0493003,1.0000037,1.000003656,0.26544852,0.256203512,2427.6565,2006.12321,1819.043997,1293.672749,0.0,0.0,0.0,0.0,0.0,0.0,1767.3853,788.614502,1095.600432,414.65774,0.07137219,0.063100487,0.061461718,0.059212129,302.9825,299.1666667,297.698859,296.9350554,0.5290565,0.3188984,0.070999415,0.031789391,304.6367704,301.0509621,0.266326936,0.257198394,0.070921717,0.031601487,297.7185714,296.9352648,0.06145224,0.059209353,24,4.5,68.09926405,51.60462262,33.23300881,0.019736842,0.276315789,0.065789474,0.085526316,0.032894737,0.111842105,0.013157895,0.052631579,0.322368421,0.019736842,14,10,0.0,0.0,0.0,0.0,0.0,0.960526316,0.019736842,0.019736842,2,3,0.0,0.0,0.0,0.0,0.0,0.0,16.49464143,2509.363753,1,4.5,2
7/26/2024,county_1,12001,Alachua,1,121.40278,15.32093938,367.70255,13.97010723,1.458565813,35.00557951,14.988256,4.254036903,5.002302069,1.673551386,307.95047,303.2284342,305.5672029,301.0618982,1.0000037,1.000003656,0.308348355,0.248401949,2548.7693,1844.753255,1676.507196,1163.930786,0.006107985,0.00026372,0.006329287,0.000109761,4.63e-06,0.000111217,1968.0122,889.9749349,1231.115954,440.067026,0.07724358,0.064275021,0.062834439,0.05835477,301.56662,298.7335002,297.817023,297.0002923,0.5877745,0.349278649,0.290824614,0.066916848,305.5485753,301.0583808,0.310182236,0.250164405,0.290327452,0.066845574,297.792827,296.9985156,0.062984224,0.058358123,24,3.75,68.09926405,51.60462262,33.23300881,0.019736842,0.276315789,0.065789474,0.085526316,0.032894737,0.111842105,0.013157895,0.052631579,0.322368421,0.019736842,14,10,0.0,0.0,0.0,0.0,0.0,0.960526316,0.019736842,0.019736842,2,3,0.0,0.0,0.0,0.0,0.0,0.0,16.49464143,2509.363753,1,3.75,2
7/25/2024,county_1,12001,Alachua,1,38.992744,6.365427653,152.77026,2.206957968,0.254682194,6.112372644,8.564602,4.093257586,4.223785802,1.954151074,308.5117,303.2470703,305.2522358,301.3512477,1.0000037,1.000003656,0.250605232,0.243538088,2894.6902,2082.653971,2352.614926,1504.453429,0.0,0.0,0.0,0.0,0.0,0.0,2023.7638,821.514974,1264.581723,425.6599903,0.07350684,0.063857362,0.061160351,0.0596319,301.07318,299.0188802,298.0798211,297.4014207,0.57629544,0.407491207,0.12847219,0.05622517,305.18508,301.3412903,0.252624074,0.245807552,0.129787681,0.057127169,298.0820406,297.4100888,0.061178485,0.059631582,24,4.0,68.09926405,51.60462262,33.23300881,0.019736842,0.276315789,0.065789474,0.085526316,0.032894737,0.111842105,0.013157895,0.052631579,0.322368421,0.019736842,14,10,0.0,0.0,0.0,0.0,0.0,0.960526316,0.019736842,0.019736842,2,3,0.0,0.0,0.0,0.0,0.0,0.0,16.49464143,2509.363753,1,4.0,2
7/21/2024,county_1,12001,Alachua,1,23.091658,5.176111857,124.226685,1.840402101,0.240884888,5.781237307,8.966836,3.674634298,2.92372292,1.619396281,309.16702,304.228597,306.8594521,302.0645088,1.0000037,1.000003656,0.236183317,0.226627173,2881.058,2397.524902,2381.209293,1777.064102,0.0,0.0,0.0,0.0,0.0,0.0,2263.018,1047.182454,1645.739206,526.6932998,0.07035708,0.058178325,0.054377524,0.050050924,302.53836,298.8080241,297.5084293,296.8677208,0.58471185,0.321321328,0.131671015,0.030967158,306.8623664,302.0633442,0.237490975,0.227912795,0.133042284,0.031635756,297.5110842,296.8701713,0.054394342,0.050057325,24,2.5,68.09926405,51.60462262,33.23300881,0.019736842,0.276315789,0.065789474,0.085526316,0.032894737,0.111842105,0.013157895,0.052631579,0.322368421,0.019736842,14,10,0.0,0.0,0.0,0.0,0.0,0.960526316,0.019736842,0.019736842,2,3,0.0,0.0,0.0,0.0,0.0,0.0,16.49464143,2509.363753,1,2.5,2
7/20/2024,county_1,12001,Alachua,1,41.850033,5.421760559,130.12225,4.445626108,0.432382279,10.3771747,12.973777,4.167180697,3.718040868,1.927767984,309.21445,303.7695109,306.1353824,301.4737859,1.0000037,1.000003656,0.241561614,0.215481064,3054.8523,2333.567871,2273.819079,1731.218921,0.11315072,0.004790278,0.11496666,0.00074581,3.16e-05,0.000757757,2184.7615,792.3633626,1390.868113,386.2863511,0.06865791,0.056826909,0.058047056,0.051542469,302.0952,298.7822062,297.5769942,297.114987,0.6866378,0.334448258,0.134621306,0.04837056,306.0762989,301.4719863,0.242807668,0.216904861,0.133967909,0.048816714,297.5749774,297.1173578,0.057959946,0.051544552,24,5.25,68.09926405,51.60462262,33.23300881,0.019736842,0.276315789,0.065789474,0.085526316,0.032894737,0.111842105,0.013157895,0.052631579,0.322368421,0.019736842,14,10,0.0,0.0,0.0,0.0,0.0,0.960526316,0.019736842,0.019736842,2,3,0.0,0.0,0.0,0.0,0.0,0.0,16.49464143,2509.363753,1,5.25,2
7/15/2024,county_1,12001,Alachua,1,12.713241,1.376991749,33.047802,0.663912321,0.043878203,1.053076878,8.748573,3.588908513,3.772181862,1.718652989,309.80222,304.8359985,307.4042455,302.9324341,1.0000037,1.000003656,0.200018782,0.197118505,2864.2085,2270.99056,2397.062911,1661.633091,0.0,0.0,0.0,0.0,0.0,0.0,2285.0708,1058.163086,1553.555304,592.7169149,0.06779765,0.05853947,0.056344503,0.054049754,300.44235,298.2799479,297.5135691,296.4148431,0.43893236,0.148511519,0.031548513,0.005387086,307.4170365,302.9343796,0.201430877,0.198542003,0.031775021,0.005375171,297.5150544,296.4170696,0.056337435,0.054036812,24,2.5,68.09926405,51.60462262,33.23300881,0.019736842,0.276315789,0.065789474,0.085526316,0.032894737,0.111842105,0.013157895,0.052631579,0.322368421,0.019736842,14,10,0.0,0.0,0.0,0.0,0.0,0.960526316,0.019736842,0.019736842,2,3,0.0,0.0,0.0,0.0,0.0,0.0,16.49464143,2509.363753,1,2.5,2
7/14/2024,county_1,12001,Alachua,1,31.336344,3.900638262,93.61532,1.226765683,0.109243863,2.62185272,9.950887,3.533467611,3.872859353,1.725455131,309.96237,304.9173787,307.4141396,302.8019709,1.0000037,1.000003656,0.20261757,0.200054894,2736.1064,2026.253581,1920.46361,1441.182544,0.0,0.0,0.0,0.0,0.0,0.0,2384.4211,944.9697266,1595.568668,511.7596636,0.068682596,0.058876842,0.056591668,0.053815619,303.34485,298.728068,297.6232782,296.6049077,0.5844496,0.315285166,0.055899087,0.019298659,307.4347925,302.8096857,0.203900588,0.201145596,0.05395726,0.018831732,297.6153217,296.6015702,0.056548006,0.053791175,24,6.25,68.09926405,51.60462262,33.23300881,0.019736842,0.276315789,0.065789474,0.085526316,0.032894737,0.111842105,0.013157895,0.052631579,0.322368421,0.019736842,14,10,0.0,0.0,0.0,0.0,0.0,0.960526316,0.019736842,0.019736842,2,3,0.0,0.0,0.0,0.0,0.0,0.0,16.49464143,2509.363753,1,6.25,2
7/8/2024,county_1,12001,Alachua,1,66.77341,6.76140213,162.27365,3.898219058,0.312498032,7.499952776,11.6545725,3.791128794,4.402830425,1.645590146,310.21472,304.3526611,307.2386924,302.1065535,1.0000037,1.000003656,0.268972598,0.256927304,3114.9988,2361.629395,2410.371505,1589.421931,0.0,0.0,0.0,0.0,0.0,0.0,2081.2817,863.0660807,1350.227179,453.2841824,0.07765757,0.066088021,0.064853361,0.060961397,304.9699,299.8763631,298.9834498,298.1554244,0.58819425,0.42699194,0.237504507,0.127855775,307.2457335,302.1026988,0.269800852,0.258038808,0.237301787,0.128045814,298.9811276,298.1556943,0.064792626,0.060965804,24,7.75,68.09926405,51.60462262,33.23300881,0.019736842,0.276315789,0.065789474,0.085526316,0.032894737,0.111842105,0.013157895,0.052631579,0.322368421,0.019736842,14,10,0.0,0.0,0.0,0.0,0.0,0.960526316,0.019736842,0.019736842,2,3,0.0,0.0,0.0,0.0,0.0,0.0,16.49464143,2509.363753,1,7.75,2
7/7/2024,county_1,12001,Alachua,1,104.90008,10.52051417,252.49234,9.408042506,0.884766995,21.23440788,9.692457,3.392354965,4.026661522,1.586982968,310.24176,304.736084,307.9564402,302.6244807,1.0000037,1.000003656,0.280319364,0.247525737,3500.3801,2208.563151,2279.623766,1259.793693,3.69e-11,1.54e-12,3.69e-11,2.42e-13,1.01e-14,2.42e-13,2092.4,964.4423014,1612.265008,578.0571008,0.07990518,0.063814263,0.068032923,0.058597256,300.94586,299.2482096,298.7695569,297.6171575,0.5860306,0.34817791,0.239468825,0.057835945,307.9261556,302.615086,0.280989965,0.248706861,0.239367796,0.058217217,298.7580317,297.6275164,0.06794504,0.058628178,24,2.75,68.09926405,51.60462262,33.23300881,0.019736842,0.276315789,0.065789474,0.085526316,0.032894737,0.111842105,0.013157895,0.052631579,0.322368421,0.019736842,14,10,0.0,0.0,0.0,0.0,0.0,0.960526316,0.019736842,0.019736842,2,3,0.0,0.0,0.0,0.0,0.0,0.0,16.49464143,2509.363753,1,2.75,2
7/4/2024,county_1,12001,Alachua,1,51.831287,13.94801203,334.7523,5.146856208,0.687094797,16.49027514,9.419821,3.73913002,2.932611967,1.535127985,308.64978,303.9299316,306.0440995,301.8852721,1.0000037,1.000003656,0.271153048,0.243049371,2943.739,2397.10498,2385.443873,1874.505718,0.0,0.0,0.0,0.0,0.0,0.0,1801.0616,781.2239583,1155.238692,377.1366446,0.07961615,0.064677447,0.065889195,0.05815533,302.39227,299.6480713,298.7283614,298.2582205,0.5761231,0.422511021,0.214200421,0.093156158,306.0572272,301.8929388,0.271329479,0.243608949,0.212818648,0.092290658,298.7177668,298.2538261,0.065867776,0.058144967,24,4.75,68.09926405,51.60462262,33.23300881,0.019736842,0.276315789,0.065789474,0.085526316,0.032894737,0.111842105,0.013157895,0.052631579,0.322368421,0.019736842,14,10,0.0,0.0,0.0,0.0,0.0,0.960526316,0.019736842,0.019736842,2,3,0.0,0.0,0.0,0.0,0.0,0.0,16.49464143,2509.363753,1,4.75,2
7/1/2024,county_1,12001,Alachua,1,34.869583,4.47234567,107.336296,2.969186281,0.275059154,6.601419701,8.363202,3.948959351,3.692249097,2.178495369,308.5497,303.7074178,305.4230058,301.8263785,1.0000037,1.000003656,0.264994295,0.255233284,2765.759,2214.704915,1960.202303,1458.422278,0.0,0.0,0.0,0.0,0.0,0.0,1877.4004,912.7658691,1187.6581,486.950138,0.07891022,0.061352933,0.062070351,0.055328553,301.31348,299.5897624,298.5428146,298.0411302,0.46623766,0.308288972,0.106323192,0.049040687,305.4357702,301.8303404,0.265972996,0.256073845,0.107197455,0.04898975,298.5320481,298.0345608,0.062033048,0.055338154,24,2.5,68.09926405,51.60462262,33.23300881,0.019736842,0.276315789,0.065789474,0.085526316,0.032894737,0.111842105,0.013157895,0.052631579,0.322368421,0.019736842,14,10,0.0,0.0,0.0,0.0,0.0,0.960526316,0.019736842,0.019736842,2,3,0.0,0.0,0.0,0.0,0.0,0.0,16.49464143,2509.363753,1,2.5,2
9/26/2024,county_1,12001,Alachua,1,24.158978,3.794371605,91.06492,6.635871486,0.777170614,18.65209473,24.23137,8.729974111,14.03063001,5.414195345,304.6458,301.3744303,302.9862253,299.8197632,1.0000037,1.000003656,0.292365275,0.249197335,1622.2627,1097.235107,1252.148849,755.282006,0.0,0.0,0.0,0.0,0.0,0.0,2512.1428,1336.156738,2122.198808,813.1473983,0.079076044,0.068614314,0.072706185,0.065332672,299.86224,298.3601074,298.9439505,297.6173813,0.5448422,0.365928451,0.210114253,0.127467602,302.9717455,299.8214284,0.293779203,0.251218391,0.209338294,0.127088914,298.9494447,297.6200559,0.07268401,0.065336483,24,164.75,68.09926405,51.60462262,33.23300881,0.019736842,0.276315789,0.065789474,0.085526316,0.032894737,0.111842105,0.013157895,0.052631579,0.322368421,0.019736842,14,10,0.0,0.0,0.0,0.0,0.0,0.960526316,0.019736842,0.019736842,2,3,0.0,0.0,0.0,0.0,0.0,0.0,16.49464143,2509.363753,1,164.75,3
8/26/2024,county_1,12001,Alachua,1,30.54061,7.219322205,173.26373,2.843819267,0.447309187,10.73542049,8.397089,4.62367026,3.393795214,2.173683003,307.8265,302.8332723,305.1013312,300.7626,1.0000037,1.000003656,0.278201806,0.259435073,2394.5283,1927.645671,1884.784951,1448.898808,0.0,0.0,0.0,0.0,0.0,0.0,1993.1547,959.2817383,1334.252673,493.2883095,0.072295085,0.062395215,0.060703729,0.056256611,302.50784,298.8901571,298.0195056,297.3579134,0.57652503,0.446000417,0.178969132,0.097965121,305.0792815,300.7654891,0.278838801,0.260481473,0.177596044,0.097558782,298.0177391,297.3607083,0.06065217,0.056254182,24,10.0,68.09926405,51.60462262,33.23300881,0.019736842,0.276315789,0.065789474,0.085526316,0.032894737,0.111842105,0.013157895,0.052631579,0.322368421,0.019736842,14,10,0.0,0.0,0.0,0.0,0.0,0.960526316,0.019736842,0.019736842,2,3,0.0,0.0,0.0,0.0,0.0,0.0,16.49464143,2509.363753,1,10.0,3
8/4/2024,county_1,12001,Alachua,1,60.500443,6.737898509,161.70956,23.41795751,1.673710715,40.16905717,11.968937,6.918504715,6.103594328,4.153254693,306.20853,301.8606771,304.236508,300.0599119,1.0000037,1.000003656,0.352509875,0.276493892,2152.4475,1116.302002,1645.766756,704.5206111,0.0,0.0,0.0,0.0,0.0,0.0,1683.0846,950.8433431,1114.935752,541.2923033,0.07592361,0.063006034,0.066979697,0.05945029,300.39508,298.2554932,297.5638877,297.0936087,0.5837342,0.294641813,0.291435643,0.104573746,304.2316002,300.0628658,0.353055295,0.277540694,0.290767917,0.104009341,297.5658506,297.0936433,0.066865975,0.059433102,24,78.0,68.09926405,51.60462262,33.23300881,0.019736842,0.276315789,0.065789474,0.085526316,0.032894737,0.111842105,0.013157895,0.052631579,0.322368421,0.019736842,14,10,0.0,0.0,0.0,0.0,0.0,0.960526316,0.019736842,0.019736842,2,3,0.0,0.0,0.0,0.0,0.0,0.0,16.49464143,2509.363753,1,78.0,3
5/13/2024,county_1,12001,Alachua,1,40.35772,4.846987089,116.32769,10.96557697,1.075233343,25.80560022,10.818735,5.859743754,5.117863304,3.414340015,304.24454,298.8566691,301.7086246,296.6581978,1.0000037,1.000003656,0.322307813,0.240924193,2442.672,468.4753011,974.4116982,149.6023955,0.0,0.0,0.0,0.0,0.0,0.0,1548.939,727.4361979,1098.241982,386.9703565,0.065577224,0.045923154,0.057448764,0.042595386,298.48746,293.21698,295.8398951,291.5860371,0.60205674,0.202488919,0.279801921,0.069381938,301.6994211,296.6568934,0.323568404,0.241930122,0.279001315,0.069304107,295.8246696,291.5820908,0.057347258,0.042591971,24,8.25,68.09926405,51.60462262,33.23300881,0.019736842,0.276315789,0.065789474,0.085526316,0.032894737,0.111842105,0.013157895,0.052631579,0.322368421,0.019736842,14,10,0.0,0.0,0.0,0.0,0.0,0.960526316,0.019736842,0.019736842,2,3,0.0,0.0,0.0,0.0,0.0,0.0,16.49464143,2509.363753,1,8.25,3
5/10/2024,county_1,12001,Alachua,1,75.39878,8.807179133,211.3723,24.92947388,2.244003552,53.85608525,11.470378,6.909403483,6.555653622,4.061434813,303.774,300.542745,302.3328279,298.5370751,1.0000037,1.000003656,0.312364302,0.185230029,2299.0925,1950.509277,1995.662623,1394.36022,0.002044549,8.56e-05,0.002053442,2.21e-05,9.24e-07,2.22e-05,1792.8457,1040.262451,1218.697985,553.4702839,0.065177165,0.049486036,0.053309717,0.044549762,297.3039,296.4368896,296.0796155,295.2917663,0.6064852,0.170117358,0.277750969,0.043892027,302.3262481,298.5351898,0.312325433,0.186576474,0.276182556,0.043792705,296.0723732,295.2932023,0.05326247,0.044536897,24,16.75,68.09926405,51.60462262,33.23300881,0.019736842,0.276315789,0.065789474,0.085526316,0.032894737,0.111842105,0.013157895,0.052631579,0.322368421,0.019736842,14,10,0.0,0.0,0.0,0.0,0.0,0.960526316,0.019736842,0.019736842,2,3,0.0,0.0,0.0,0.0,0.0,0.0,16.49464143,2509.363753,1,16.75,3
1/9/2024,county_1,12001,Alachua,1,26.005905,2.863325437,68.71981,15.2958888,1.145705524,27.49693257,13.471988,8.22523435,8.586945383,4.831306859,297.3607,292.1736043,296.1377981,290.6932491,1.0000037,1.000003656,0.34397843,0.266586584,880.77545,204.3204142,630.2472759,137.3437931,0.0,0.0,0.0,0.0,0.0,0.0,2223.1042,1346.676676,1533.191509,996.6567426,0.053088117,0.034823979,0.046839253,0.031688192,293.9318,289.8575846,293.3688065,288.9176882,0.4000217,0.183060586,0.132961411,0.043874873,296.130549,290.6939134,0.344720634,0.267920244,0.13249113,0.043834035,293.3575707,288.9172086,0.046848132,0.031684895,24,11.5,68.09926405,51.60462262,33.23300881,0.019736842,0.276315789,0.065789474,0.085526316,0.032894737,0.111842105,0.013157895,0.052631579,0.322368421,0.019736842,14,10,0.0,0.0,0.0,0.0,0.0,0.960526316,0.019736842,0.019736842,2,3,0.0,0.0,0.0,0.0,0.0,0.0,16.49464143,2509.363753,1,11.5,3
12/17/2023,county_1,12001,Alachua,1,65.98537,9.367208481,224.813,26.24868614,3.875150427,93.00361025,11.837255,8.421100616,6.795350727,4.917601159,292.4389,290.9002889,291.3507401,290.1585511,1.0000037,1.000003656,0.380084113,0.31331878,120.177246,27.27197266,54.0936215,8.41236345,0.0,0.0,0.0,0.0,0.0,0.0,1181.8727,984.7043457,954.2761102,620.4564402,0.052446786,0.035295432,0.047658814,0.033514142,291.64825,289.2891439,291.1524208,288.5990558,0.43241456,0.223507682,0.143046555,0.068889654,291.348527,290.155206,0.381174255,0.31457434,0.142576388,0.068777779,291.1494746,288.600147,0.047631058,0.033517119,24,17.5,68.09926405,51.60462262,33.23300881,0.019736842,0.276315789,0.065789474,0.085526316,0.032894737,0.111842105,0.013157895,0.052631579,0.322368421,0.019736842,14,10,0.0,0.0,0.0,0.0,0.0,0.960526316,0.019736842,0.019736842,2,3,0.0,0.0,0.0,0.0,0.0,0.0,16.49464143,2509.363753,1,17.5,3
12/10/2023,county_1,12001,Alachua,1,27.454128,2.372985363,56.95165,11.68185344,0.785413415,18.84992197,12.097456,5.50140508,6.020225926,3.482617713,299.2403,293.8713786,298.2764957,292.686577,1.0000037,1.000003656,0.293315662,0.227301898,695.5522,239.5257568,514.9232113,167.3405899,0.0,0.0,0.0,0.0,0.0,0.0,1660.803,743.2855632,1083.646998,422.4388465,0.052484922,0.038007036,0.04726047,0.036213007,293.8797,291.4898885,292.914448,290.4892428,0.4375274,0.240652025,0.144932923,0.073830075,298.2760294,292.684918,0.29453009,0.228424488,0.144503748,0.07320261,292.8897867,290.4866104,0.047222751,0.03621071,24,9.25,68.09926405,51.60462262,33.23300881,0.019736842,0.276315789,0.065789474,0.085526316,0.032894737,0.111842105,0.013157895,0.052631579,0.322368421,0.019736842,14,10,0.0,0.0,0.0,0.0,0.0,0.960526316,0.019736842,0.019736842,2,3,0.0,0.0,0.0,0.0,0.0,0.0,16.49464143,2509.363753,1,9.25,3
8/30/2023,county_1,12001,Alachua,1,24.737717,6.501811345,156.04347,8.223202354,1.705492992,40.9318318,16.857866,10.31207085,10.34656324,6.051738931,303.44818,301.3942057,300.9825761,299.60272,1.0000037,1.000003656,0.315485302,0.271516077,1117.5728,683.2588704,762.7712788,396.6761544,0.0,0.0,0.0,0.0,0.0,0.0,1936.9016,1299.244466,1522.928762,543.7340698,0.078921676,0.069099948,0.072733979,0.064637587,299.41974,298.5314331,298.2738744,297.6394825,0.5805382,0.477738738,0.286666644,0.171174203,300.9705479,299.6072841,0.316286205,0.272604632,0.286179225,0.170783912,298.2665183,297.640236,0.072699535,0.06463889,24,84.25,68.09926405,51.60462262,33.23300881,0.019736842,0.276315789,0.065789474,0.085526316,0.032894737,0.111842105,0.013157895,0.052631579,0.322368421,0.019736842,14,10,0.0,0.0,0.0,0.0,0.0,0.960526316,0.019736842,0.019736842,2,3,0.0,0.0,0.0,0.0,0.0,0.0,16.49464143,2509.363753,1,84.25,3
8/14/2023,county_1,12001,Alachua,1,42.631516,6.353573481,152.48576,2.281426078,0.235069408,5.641665784,11.024117,3.684677124,4.070415698,1.646287512,310.45242,305.2472534,308.19228,303.1888181,1.0000037,1.000003656,0.219565969,0.207324069,3940.4722,3281.031576,3442.366365,2337.618669,0.0,0.0,0.0,0.0,0.0,0.0,2293.6184,920.6767578,1568.075144,482.4723152,0.075701214,0.057415461,0.05782645,0.049489937,304.10052,299.8604126,299.4398386,298.021297,0.5366147,0.289541284,0.070951832,0.035054606,308.1987274,303.1935731,0.219778889,0.208378949,0.071239387,0.035126182,299.4364276,298.0189207,0.057850277,0.049468275,24,11.5,68.09926405,51.60462262,33.23300881,0.019736842,0.276315789,0.065789474,0.085526316,0.032894737,0.111842105,0.013157895,0.052631579,0.322368421,0.019736842,14,10,0.0,0.0,0.0,0.0,0.0,0.960526316,0.019736842,0.019736842,2,3,0.0,0.0,0.0,0.0,0.0,0.0,16.49464143,2509.363753,1,11.5,3
7/30/2023,county_1,12001,Alachua,1,68.15114,8.163330078,195.91992,11.81064646,1.028417095,24.68201028,12.073054,4.27651151,4.592048645,2.033518904,310.055,303.8926392,307.7116314,301.8354128,1.0000037,1.000003656,0.258668774,0.207503557,3433.271,2303.311361,2628.885896,1674.043407,0.46379608,0.019327013,0.46384832,0.003091756,0.000128837,0.0030921,2051.6355,917.8986003,1580.579359,522.7756005,0.077525154,0.060490092,0.062933313,0.055736848,303.54364,298.7591349,298.1342002,297.2458603,0.95842165,0.412688851,0.243857911,0.076625271,307.6981092,301.8337828,0.260395332,0.208812806,0.244558488,0.076093155,298.1239962,297.2437562,0.062826835,0.055735123,24,9.0,68.09926405,51.60462262,33.23300881,0.019736842,0.276315789,0.065789474,0.085526316,0.032894737,0.111842105,0.013157895,0.052631579,0.322368421,0.019736842,14,10,0.0,0.0,0.0,0.0,0.0,0.960526316,0.019736842,0.019736842,2,3,0.0,0.0,0.0,0.0,0.0,0.0,16.49464143,2509.363753,1,9.0,3
6/23/2023,county_1,12001,Alachua,1,46.97907,7.058101018,169.39442,12.40439003,0.997275544,23.93461305,10.243651,5.935969671,6.46621423,3.579065135,306.472,301.2790527,303.8931949,299.1497299,1.0000037,1.000003656,0.323166646,0.279976119,3116.3757,1920.151855,2586.15111,1329.492905,0.20576349,0.008573479,0.20576349,0.001833899,7.64e-05,0.001833899,1912.065,967.4073893,1357.464535,601.4541546,0.069303975,0.052834451,0.054031221,0.046445648,299.47543,297.336853,297.466103,296.1453847,0.5941672,0.314559261,0.251966,0.100812116,303.8788201,299.1459918,0.32360278,0.281009839,0.249542955,0.100154113,297.4628819,296.1459116,0.053993287,0.046455566,24,10.75,68.09926405,51.60462262,33.23300881,0.019736842,0.276315789,0.065789474,0.085526316,0.032894737,0.111842105,0.013157895,0.052631579,0.322368421,0.019736842,14,10,0.0,0.0,0.0,0.0,0.0,0.960526316,0.019736842,0.019736842,2,3,0.0,0.0,0.0,0.0,0.0,0.0,16.49464143,2509.363753,1,10.75,3
6/21/2023,county_1,12001,Alachua,1,71.95711,13.14186478,315.40475,17.95379639,2.396467711,57.51522506,10.433977,6.840035121,7.15752692,3.929060476,303.19757,300.1774495,301.9582648,298.0776603,1.0000037,1.000003656,0.363617947,0.296144729,3461.3867,1939.013184,2479.076069,1155.471245,0.000643449,5.18e-05,0.001243708,9.89e-06,7.21e-07,1.73e-05,1719.5479,1035.278727,1232.601768,556.7115446,0.06431396,0.05133003,0.053204204,0.044808806,298.62625,296.2603149,297.4302529,294.752103,0.59860903,0.297441045,0.296545405,0.087986911,301.9460835,298.0806706,0.363355713,0.297099405,0.295434262,0.08730069,297.4194077,294.7547818,0.053132338,0.044819418,24,10.5,68.09926405,51.60462262,33.23300881,0.019736842,0.276315789,0.065789474,0.085526316,0.032894737,0.111842105,0.013157895,0.052631579,0.322368421,0.019736842,14,10,0.0,0.0,0.0,0.0,0.0,0.960526316,0.019736842,0.019736842,2,3,0.0,0.0,0.0,0.0,0.0,0.0,16.49464143,2509.363753,1,10.5,3
6/20/2023,county_1,12001,Alachua,1,58.093517,9.934080124,238.41792,12.90739682,2.0569976,49.3679424,11.942334,7.147445679,7.304424085,4.135439831,302.81567,299.5851847,300.8714535,298.0068199,1.0000037,1.000003656,0.35306519,0.284374347,3054.8088,1425.682129,2577.199013,847.9597875,8.46e-05,3.52e-06,8.46e-05,6.87e-07,2.86e-08,6.87e-07,1153.547,807.5446777,883.2785773,462.1378533,0.06470093,0.047455321,0.052650295,0.041735588,298.16818,296.0268758,297.4559519,294.8208436,0.5958138,0.268451333,0.299965432,0.087416891,300.8576683,298.0074625,0.353965859,0.285473592,0.299375615,0.087068058,297.4527216,294.8233032,0.05269438,0.041735973,24,8.0,68.09926405,51.60462262,33.23300881,0.019736842,0.276315789,0.065789474,0.085526316,0.032894737,0.111842105,0.013157895,0.052631579,0.322368421,0.019736842,14,10,0.0,0.0,0.0,0.0,0.0,0.960526316,0.019736842,0.019736842,2,3,0.0,0.0,0.0,0.0,0.0,0.0,16.49464143,2509.363753,1,8.0,3
6/16/2023,county_1,12001,Alachua,1,55.956978,4.605927149,110.54225,14.22315577,0.938671818,22.52812363,15.193415,7.365620931,7.696636802,4.462302166,306.11523,300.8671875,303.970112,299.0248606,1.0000037,1.000003656,0.309942421,0.24665655,3496.5015,2071.35319,2890.170641,1606.396901,0.1621619,0.006765373,0.16236895,0.002476624,0.000103249,0.002477986,1605.1167,881.6909993,1120.988178,538.5548307,0.07093998,0.050260991,0.053761934,0.043747037,299.48843,297.1760457,297.7060804,295.8620113,0.5904376,0.423399528,0.290293267,0.141289666,303.9563186,299.0132444,0.310064891,0.2480469,0.289537974,0.140840845,297.7061133,295.8610268,0.053654181,0.043749672,24,12.75,68.09926405,51.60462262,33.23300881,0.019736842,0.276315789,0.065789474,0.085526316,0.032894737,0.111842105,0.013157895,0.052631579,0.322368421,0.019736842,14,10,0.0,0.0,0.0,0.0,0.0,0.960526316,0.019736842,0.019736842,2,3,0.0,0.0,0.0,0.0,0.0,0.0,16.49464143,2509.363753,1,12.75,3
5/22/2023,county_1,12001,Alachua,1,61.281757,8.370365143,200.88876,5.868950292,0.600076869,14.40184486,10.444953,4.066975276,5.405706305,2.139562393,304.60168,299.5101522,302.7589176,297.8198381,1.0000037,1.000003656,0.277112484,0.239503183,2155.0085,1270.223958,1500.604955,773.6022864,1.63e-05,6.8e-07,1.63e-05,1.07e-07,4.48e-09,1.07e-07,1985.8411,784.3181966,1305.057463,424.4922836,0.060442585,0.051900471,0.050541567,0.047848232,296.93225,295.9847819,295.0707494,294.6875621,0.62099403,0.47333765,0.254771584,0.129399812,302.7647651,297.8187281,0.278050315,0.240459992,0.252952446,0.129429276,295.0703284,294.6851663,0.050523622,0.047841608,24,14.0,68.09926405,51.60462262,33.23300881,0.019736842,0.276315789,0.065789474,0.085526316,0.032894737,0.111842105,0.013157895,0.052631579,0.322368421,0.019736842,14,10,0.0,0.0,0.0,0.0,0.0,0.960526316,0.019736842,0.019736842,2,3,0.0,0.0,0.0,0.0,0.0,0.0,16.49464143,2509.363753,1,14.0,3
5/12/2023,county_1,12001,Alachua,1,19.780804,3.207844098,76.98826,0.960059116,0.134989557,3.239749361,8.33769,4.812061946,4.654676337,2.797148926,304.83923,299.9819743,301.9110557,298.202353,1.0000037,1.000003656,0.226950294,0.221005211,2807.7617,2102.059896,2336.770354,1772.838015,0.0,0.0,0.0,0.0,0.0,0.0,1792.2588,944.4990234,1118.889289,602.0195259,0.05488932,0.044623946,0.043953187,0.040877075,298.54297,295.9327596,295.4371659,294.4025922,0.5822533,0.389791449,0.254989549,0.100031789,301.9109273,298.2054706,0.227542276,0.221564046,0.253527182,0.099307301,295.4328688,294.396947,0.04393505,0.040867269,24,19.75,68.09926405,51.60462262,33.23300881,0.019736842,0.276315789,0.065789474,0.085526316,0.032894737,0.111842105,0.013157895,0.052631579,0.322368421,0.019736842,14,10,0.0,0.0,0.0,0.0,0.0,0.960526316,0.019736842,0.019736842,2,3,0.0,0.0,0.0,0.0,0.0,0.0,16.49464143,2509.363753,1,19.75,3
4/27/2023,county_1,12001,Alachua,1,23.229717,1.943571568,46.645718,2.892473321,0.208842373,5.012216961,10.256999,5.209171295,4.919554459,3.179919059,304.83426,299.2584839,302.8058954,297.819882,1.0000037,1.000003656,0.216591559,0.200273761,2676.648,1734.866048,2164.866982,1327.9523,1.83e-05,7.63e-07,1.83e-05,1.21e-07,5.02e-09,1.21e-07,1967.8833,1041.239746,1529.350946,635.2642022,0.055643145,0.043351516,0.046512039,0.040752743,300.8518,295.2207031,295.8653886,293.2709415,0.4261549,0.213220616,0.157142376,0.038119225,302.7999821,297.8212265,0.217316505,0.201438004,0.156448486,0.037872654,295.8518142,293.2701501,0.046518051,0.040749556,24,17.0,68.09926405,51.60462262,33.23300881,0.019736842,0.276315789,0.065789474,0.085526316,0.032894737,0.111842105,0.013157895,0.052631579,0.322368421,0.019736842,14,10,0.0,0.0,0.0,0.0,0.0,0.960526316,0.019736842,0.019736842,2,3,0.0,0.0,0.0,0.0,0.0,0.0,16.49464143,2509.363753,1,17.0,3
11/10/2022,county_1,12001,Alachua,1,27.385649,5.985505422,143.65213,16.41802497,2.625560384,63.01344922,16.134205,11.24878184,10.28900628,7.330057228,296.6367,294.7902629,295.7975432,293.4737784,1.0000037,1.000003656,0.339804599,0.25741189,319.0135,66.3709259,138.2407484,22.091264,0.0,0.0,0.0,0.0,0.0,0.0,1841.3079,1281.579997,1542.8419,1003.424057,0.0640295,0.056475456,0.061434796,0.05391824,295.83194,293.3966675,295.0637079,292.0364348,0.47747523,0.347507,0.183796406,0.121401468,295.794574,293.4766855,0.340296557,0.258650114,0.183240121,0.121065685,295.054039,292.0385753,0.061409305,0.053914985,24,38.5,68.09926405,51.60462262,33.23300881,0.019736842,0.276315789,0.065789474,0.085526316,0.032894737,0.111842105,0.013157895,0.052631579,0.322368421,0.019736842,14,10,0.0,0.0,0.0,0.0,0.0,0.960526316,0.019736842,0.019736842,2,3,0.0,0.0,0.0,0.0,0.0,0.0,16.49464143,2509.363753,1,38.5,3
10/12/2022,county_1,12001,Alachua,1,44.061657,5.223443667,125.36265,2.924886402,0.379777246,9.114653903,10.671291,3.255819956,3.133633061,1.339648816,305.13986,299.6767985,302.8832751,297.7641709,1.0000037,1.000003656,0.214832707,0.183966487,2294.3794,1260.177897,1645.839433,900.6340589,0.0,0.0,0.0,0.0,0.0,0.0,1819.6473,660.5607096,1163.984889,344.8934026,0.0636533,0.051698953,0.049899791,0.046396106,299.70917,296.5411784,295.7105263,294.7252979,0.5232641,0.170322875,0.162552645,0.039862986,302.8676026,297.7654942,0.215930749,0.185050481,0.162649444,0.039918618,295.7092406,294.724509,0.049884803,0.046404469,24,8.25,68.09926405,51.60462262,33.23300881,0.019736842,0.276315789,0.065789474,0.085526316,0.032894737,0.111842105,0.013157895,0.052631579,0.322368421,0.019736842,14,10,0.0,0.0,0.0,0.0,0.0,0.960526316,0.019736842,0.019736842,2,3,0.0,0.0,0.0,0.0,0.0,0.0,16.49464143,2509.363753,1,8.25,3
